msisdn,tower_id,call_type,dest_nr,call_duration_sec,start_time
8788924001679,625,voice,0727488595092,650,2024-01-01 01:49:21.138645
0844624787149,185,voice,8223468447699,1002,2024-01-01 01:55:02.934923
0985333074940,1189,voice,3312755199113,168,2024-01-01 01:42:49.153209
3825492993952,1726,voice,0747384177440,832,2024-01-01 01:56:22.544848
4838874564507,214,voice,8263528528157,135,2024-01-01 01:52:42.105911
2818314029343,1502,video,6424480874474,513,2024-01-01 01:44:25.184216
2700375948762,1495,video,8071942356986,965,2024-01-01 01:41:32.111976
6261004784021,991,voice,4270631233859,239,2024-01-01 01:53:41.584334
0148916692653,1463,video,6986654457355,267,2024-01-01 01:55:17.542882
3283889158373,170,voice,4577368384351,905,2024-01-01 01:52:39.363232
3383077967471,138,video,0696334304312,1753,2024-01-01 01:42:54.621686
4774887260607,166,video,3033203491579,419,2024-01-01 01:44:40.700133
0197489261517,926,voice,9842498187664,604,2024-01-01 01:49:46.142272
6920763593424,1270,voice,1783458945448,1183,2024-01-01 01:54:28.917464
6719771752780,554,video,8064753625806,1110,2024-01-01 01:54:30.010808
5608419629484,1413,video,3265846876010,755,2024-01-01 01:52:39.951354
3689793893108,120,voice,2773587952791,1023,2024-01-01 01:44:23.035340
1151768902441,193,voice,1750719060218,1208,2024-01-01 01:42:15.588657
9225644841747,1910,video,8347989030661,66,2024-01-01 01:45:43.217414
5815040917755,1005,voice,1162659005881,155,2024-01-01 01:52:01.155847
0580412933760,1629,voice,4015718348281,1450,2024-01-01 01:56:15.633966
4937662434091,138,video,8896697326596,21,2024-01-01 01:53:57.130240
9399789702334,1425,video,4157394266252,370,2024-01-01 01:52:43.812505
2051869655110,432,voice,1611434699744,282,2024-01-01 01:52:45.193080
7585202129472,1339,voice,5685929878138,676,2024-01-01 01:56:59.418092
5260324770199,709,voice,3197370824481,1121,2024-01-01 01:55:29.334417
1939219742816,1619,voice,7301549121279,1739,2024-01-01 01:41:55.047985
2858112764487,735,voice,6350768847479,438,2024-01-01 01:51:48.904919
1121926348208,1407,voice,5836910643323,322,2024-01-01 01:54:18.119473
7370779204040,1157,video,7008299003551,478,2024-01-01 01:47:06.445062
0622046915245,1811,video,8337741628880,1599,2024-01-01 01:53:57.012382
6853076914205,1365,video,6453713655617,533,2024-01-01 01:45:05.643601
0302391248440,157,voice,7478126281331,383,2024-01-01 01:56:55.209100
6451064476162,1276,video,4426382257053,1712,2024-01-01 01:54:55.634013
2375192901759,1857,voice,2827881477729,905,2024-01-01 01:48:40.584286
2609244932629,5,voice,9476943672473,285,2024-01-01 01:48:50.905842
0963371371251,284,voice,2535274826689,379,2024-01-01 01:42:33.161994
5875845642395,1635,voice,5570505030128,657,2024-01-01 01:41:48.445445
7418070526713,357,voice,1219187113848,1186,2024-01-01 01:48:43.948022
9828693591885,17,video,2105576396692,353,2024-01-01 01:55:10.915720
7343818357671,156,voice,7165854988448,496,2024-01-01 01:46:57.915437
1807940059280,1700,voice,5510718834243,77,2024-01-01 01:47:54.058605
0289953330127,1964,video,7740072843129,522,2024-01-01 01:49:34.752992
2616369448018,855,video,3378995608414,97,2024-01-01 01:44:35.023926
4792781729128,616,video,7288455321756,974,2024-01-01 01:53:12.756949
4303375080946,875,video,6435595067784,833,2024-01-01 01:45:13.124630
3568282497160,1565,voice,4014368849415,631,2024-01-01 01:51:26.831135
3672450057460,1470,voice,7492189519558,612,2024-01-01 01:52:58.513095
4116704530065,110,video,1829318241666,104,2024-01-01 01:56:32.179095
0299706532248,1172,video,5783195619853,814,2024-01-01 01:55:21.083764
0668022824366,1185,voice,8943838457176,1039,2024-01-01 01:54:18.583570
4771704827263,1414,video,5241706327362,838,2024-01-01 01:42:01.740783
1370091035958,1994,voice,4551212434439,1192,2024-01-01 01:50:24.603912
2783323354402,1420,voice,1883073136843,1443,2024-01-01 01:48:48.029860
3915452735266,1532,voice,5918090271366,696,2024-01-01 01:49:35.205200
8538386869141,884,video,9240335302062,145,2024-01-01 01:48:38.192091
4336448152441,544,voice,5357207198254,813,2024-01-01 01:48:14.681537
5482705652325,1705,voice,0251748960966,390,2024-01-01 01:48:41.481552
7710354955737,1431,voice,4630390480911,1428,2024-01-01 01:54:28.115383
6348449893477,191,video,8888684701265,710,2024-01-01 01:55:24.834302
9031731693003,236,video,3386755855219,1352,2024-01-01 01:51:20.268521
0814544553846,1783,video,2230668287770,660,2024-01-01 01:53:05.763839
6366716622725,1038,video,8152460515437,1794,2024-01-01 01:42:36.529192
5382683996512,117,video,9733319891603,1373,2024-01-01 01:53:38.400523
8366366512692,1432,video,6456577786507,29,2024-01-01 01:46:15.257742
2834599960769,1005,voice,3731903465814,276,2024-01-01 01:43:34.820672
1064853987324,110,voice,1654888623195,341,2024-01-01 01:56:11.828068
7180918699066,521,voice,6313111063990,1629,2024-01-01 01:49:52.472484
4805988084539,687,voice,5279843900142,96,2024-01-01 01:55:54.482322
0833645415739,770,voice,6672290582180,1213,2024-01-01 01:44:15.387472
4472725217312,1056,video,7947886250707,824,2024-01-01 01:52:25.077348
1192959927057,1848,voice,1218753745165,475,2024-01-01 01:52:35.332525
5231324362699,1201,voice,9817336039809,406,2024-01-01 01:40:37.602999
1693394656787,1597,voice,7477516799743,531,2024-01-01 01:41:25.205138
2846358333432,871,video,8273427752735,319,2024-01-01 01:50:42.545751
0411644528848,1102,voice,9888176026090,629,2024-01-01 01:56:13.512089
9739963034135,309,voice,3170217652769,1750,2024-01-01 01:41:20.494211
0848399383009,203,video,7146670416696,697,2024-01-01 01:56:19.499658
1106422190531,568,voice,3048852021947,690,2024-01-01 01:55:17.304002
2809198387852,1405,video,3709247605042,1346,2024-01-01 01:44:53.803993
0451969671903,1172,voice,1751092315179,1321,2024-01-01 01:52:45.877029
9448093924699,151,video,5595692618898,1523,2024-01-01 01:48:30.151147
3720702790756,890,video,1009341599824,421,2024-01-01 01:45:21.233796
3776977482427,253,voice,4250190327546,683,2024-01-01 01:52:58.495930
7032216598215,1110,video,4690011546784,776,2024-01-01 01:50:42.248572
0492604603505,300,voice,3736952426513,1357,2024-01-01 01:48:27.720474
9315321769573,1826,voice,7823035105540,1590,2024-01-01 01:45:32.246192
1695368441743,951,video,2042068738815,342,2024-01-01 01:40:51.924852
7697911797604,893,video,8890959004151,1595,2024-01-01 01:44:30.046774
6374234032200,108,voice,1744680323519,268,2024-01-01 01:54:52.229569
6384544681316,969,video,0018100790763,1311,2024-01-01 01:43:56.289791
5227153612734,870,video,6285601294367,829,2024-01-01 01:46:25.207999
8366759350739,70,voice,1445632575794,421,2024-01-01 01:44:33.605370
0411882741682,264,video,6159477983564,962,2024-01-01 01:54:22.286137
6089287094410,549,video,2991270450909,1620,2024-01-01 01:51:09.623651
3418160540480,99,video,6981837776293,1563,2024-01-01 01:55:48.059186
7744997860756,1575,video,0592559657702,94,2024-01-01 01:40:52.125638
4694893150950,1016,voice,1421430047509,977,2024-01-01 01:52:11.555028
5502138069604,701,voice,9113959004619,1296,2024-01-01 01:44:44.964639
9282782363969,153,voice,5021078426596,1202,2024-01-01 01:43:28.326862
0536904930416,229,video,5184153560139,1542,2024-01-01 01:54:12.310092
0058855400986,364,video,9979276272412,1413,2024-01-01 01:41:42.158876
2224908114757,1459,video,6917577278756,1347,2024-01-01 01:46:10.764199
3496583143531,1910,video,7597875513704,190,2024-01-01 01:56:38.145056
4265918579469,1155,video,7694288249866,355,2024-01-01 01:54:48.063068
1313519575475,266,video,5055315609722,1500,2024-01-01 01:40:45.446461
4631357880284,792,video,0851819356248,739,2024-01-01 01:51:59.405359
6805635282867,1305,voice,2749841318912,1613,2024-01-01 01:56:50.425661
8304325991135,839,video,8321368670064,1781,2024-01-01 01:56:55.859732
7739039416228,1659,voice,1955682244316,952,2024-01-01 01:43:19.212661
7065601140951,1061,voice,6712870539047,910,2024-01-01 01:47:35.820375
9344440398577,1738,video,4328601352881,474,2024-01-01 01:57:01.117098
8075751082789,1013,video,4679651575489,150,2024-01-01 01:54:58.180368
3532887815107,833,voice,8036730319327,432,2024-01-01 01:51:03.603487
0035676338992,1969,voice,0132241221485,45,2024-01-01 01:50:47.559546
0081005064412,21,video,8896697326596,1704,2024-01-01 01:52:06.669362
0668575699169,1846,voice,1425453929865,113,2024-01-01 01:45:47.745416
9746139128640,1001,video,6250342892919,1612,2024-01-01 01:46:59.062784
7011149169234,1808,voice,4881056722081,1148,2024-01-01 01:47:39.257386
4590735086743,344,video,8807242866030,995,2024-01-01 01:42:19.066662
4998910807719,1220,video,6207595248960,624,2024-01-01 01:40:48.667807
0499827364941,772,video,4965911903342,518,2024-01-01 01:46:50.900379
5708720539917,327,video,9205327979653,546,2024-01-01 01:45:58.210993
4756227721399,696,video,0042357069523,1285,2024-01-01 01:44:29.322341
2171420834819,575,voice,7821746938754,1242,2024-01-01 01:46:23.865650
4795721169517,414,video,0617563273129,929,2024-01-01 01:50:05.663455
1519149448449,792,voice,4250733228717,26,2024-01-01 01:48:32.540671
4961564476710,711,video,4589201263370,1043,2024-01-01 01:49:29.975467
8855805394812,1060,video,4482029600952,1466,2024-01-01 01:52:14.126275
3663992132472,233,voice,1582407729792,733,2024-01-01 01:45:29.581695
9961627473114,1565,video,3628179417964,822,2024-01-01 01:51:03.186168
8732819239949,1384,video,5265507776521,1507,2024-01-01 01:50:56.023965
5185246324184,1347,voice,1709809588951,741,2024-01-01 01:45:46.689697
9667897619372,1411,video,2787567231775,105,2024-01-01 01:49:17.820188
7146109553264,1054,video,5500855120424,470,2024-01-01 01:48:49.294158
7018953038522,1701,voice,6807087148657,979,2024-01-01 01:43:55.335249
0044214876586,502,video,8949556370023,1532,2024-01-01 01:41:57.777260
9275606141638,1877,voice,4032548906459,1359,2024-01-01 01:51:40.131625
9972178349149,28,voice,2515924637985,925,2024-01-01 01:42:42.804661
8219125356846,1175,video,5616143119903,1605,2024-01-01 01:54:15.958773
2248500127257,84,voice,6504722457749,1369,2024-01-01 01:43:31.162614
1839680680690,1720,video,2815999667785,733,2024-01-01 01:55:38.038918
5073950363834,1656,voice,6791694487265,637,2024-01-01 01:55:43.935853
4382550973606,1852,video,6919551652492,1515,2024-01-01 01:42:39.743189
7922883768887,1197,voice,3754965266965,1263,2024-01-01 01:46:18.126020
0581664927909,1944,video,4482327108945,544,2024-01-01 01:45:29.869439
2898928783111,211,video,9368440252805,1671,2024-01-01 01:41:13.562523
2608883178414,879,voice,3924776699339,863,2024-01-01 01:42:13.774149
9488212427513,1833,voice,8776543726643,1506,2024-01-01 01:51:48.134522
9942085989983,1879,voice,9420627431232,1531,2024-01-01 01:41:48.712296
6340190550967,1516,voice,6897491605451,564,2024-01-01 01:55:37.310132
6792476986356,822,voice,9345899145823,585,2024-01-01 01:54:33.468002
1063489543316,921,video,8332192187281,828,2024-01-01 01:43:14.728084
6560181157859,203,voice,7464521134367,1495,2024-01-01 01:56:49.537655
7773910220683,246,voice,0122725269663,1219,2024-01-01 01:44:42.016435
2896970549743,1786,voice,2157062260258,8,2024-01-01 01:48:54.211652
2997895259767,1285,voice,5271023616255,786,2024-01-01 01:40:45.590994
4710340111831,277,video,2045890723314,1324,2024-01-01 01:51:21.727540
3732614841127,1365,voice,1385289860321,770,2024-01-01 01:47:49.399308
9996401976042,1675,video,6396955419041,926,2024-01-01 01:54:37.660896
7802627305536,332,voice,4603325869429,36,2024-01-01 01:54:40.115174
6559288502320,1242,video,1481118743562,583,2024-01-01 01:49:41.467829
9285599411146,1202,voice,2110578214806,309,2024-01-01 01:52:04.516179
5111324451087,1356,video,2025150878975,340,2024-01-01 01:47:04.287006
5387720347639,721,voice,6809218653371,938,2024-01-01 01:43:44.848006
6719641119744,541,video,3451167363938,289,2024-01-01 01:48:00.030974
2682442845020,1774,video,9332211900598,811,2024-01-01 01:45:20.462312
8821974590771,1017,video,3548895521308,357,2024-01-01 01:47:09.536902
4676246903671,1868,video,6213153961585,1125,2024-01-01 01:47:34.744809
7920311015563,854,voice,9462287033835,208,2024-01-01 01:45:16.833417
9003333536544,452,voice,6000075884289,627,2024-01-01 01:40:34.042426
5239607147227,27,voice,9609338419634,998,2024-01-01 01:50:45.583080
2720803340421,1491,voice,6205083977435,1741,2024-01-01 01:41:21.262017
3384181356260,1480,voice,6791694487265,1024,2024-01-01 01:52:48.491668
9695074137455,997,voice,6760111633217,1049,2024-01-01 01:41:27.463983
2112147296696,614,voice,2695259732988,316,2024-01-01 01:48:23.652398
9349361486447,922,video,6191916636406,1505,2024-01-01 01:50:55.038886
4551897283282,1899,video,7347016773638,1495,2024-01-01 01:52:43.462716
3937708589185,1999,video,9094998426367,1029,2024-01-01 01:55:24.378507
3981186860893,1181,video,5599890072586,764,2024-01-01 01:45:44.820310
4062330485676,851,video,6647093844036,1279,2024-01-01 01:52:33.158245
7787963901983,1223,video,1142622140442,1526,2024-01-01 01:43:47.709137
1432559917771,1974,video,3478322790225,1166,2024-01-01 01:56:18.844592
2781682539490,1564,video,9274885480486,91,2024-01-01 01:41:29.337486
5191930290637,1639,voice,9339222085757,202,2024-01-01 01:43:53.637357
8554489464122,545,voice,8860147809664,1656,2024-01-01 01:48:36.261053
4201023410696,733,video,0760927259348,589,2024-01-01 01:51:16.745878
6159334125619,1012,video,0945503046406,1422,2024-01-01 01:48:32.511951
2764402655743,365,voice,8076237303245,1197,2024-01-01 01:44:17.161393
2991759114695,690,video,2212457103909,175,2024-01-01 01:46:33.548858
7233049093551,481,video,8317019156739,856,2024-01-01 01:48:34.328943
4641447569387,1469,voice,9763977693818,1426,2024-01-01 01:46:45.386328
5905011533029,827,video,9727549383068,1444,2024-01-01 01:41:58.433075
5440961324786,1009,video,6028637752914,783,2024-01-01 01:48:18.310048
3660886019546,1583,voice,8685808796053,892,2024-01-01 01:53:11.336828
4033925939123,926,video,5423576103468,1800,2024-01-01 01:42:30.779910
2656275852021,547,voice,0663879321974,1381,2024-01-01 01:52:19.576713
5556658399887,1926,video,8264805005688,364,2024-01-01 01:48:37.803452
5184606054594,1647,voice,3380236932060,1418,2024-01-01 01:56:59.965127
9306595953296,1274,video,8383164517636,618,2024-01-01 01:47:09.561262
1775473362162,1945,video,0052048821345,25,2024-01-01 01:43:59.331033
5055337530260,1647,video,2429902710471,67,2024-01-01 01:49:28.805212
4668699030179,1955,video,6443207973048,484,2024-01-01 01:51:17.301073
7154443749176,1056,video,9695662411676,256,2024-01-01 01:41:29.226378
4946378873194,1844,voice,0085182747879,1538,2024-01-01 01:53:18.833339
8703922343149,1060,voice,6468845577105,1617,2024-01-01 01:50:06.274129
1750176378264,16,video,5441959604387,959,2024-01-01 01:40:36.250011
8300794716332,1845,voice,6840206285393,349,2024-01-01 01:44:13.451500
2742896328712,1182,voice,7199719943728,408,2024-01-01 01:41:39.837481
6573209423748,950,voice,1455698963540,1585,2024-01-01 01:47:01.708409
0858544377046,395,video,2714732492575,1172,2024-01-01 01:49:23.183091
1091144413078,934,voice,8044514463182,941,2024-01-01 01:47:18.261083
0308457321546,435,video,3258586183153,1798,2024-01-01 01:46:21.526976
2269920691013,1975,video,4385473358407,995,2024-01-01 01:53:06.212125
9513174736118,414,voice,4064613275341,1155,2024-01-01 01:43:34.566308
2500418817745,1080,voice,7583603863860,124,2024-01-01 01:48:51.183891
6798979502599,1601,video,5224332365445,665,2024-01-01 01:47:05.544927
0335732497840,602,voice,4524744503012,1561,2024-01-01 01:44:04.378395
9788636840455,1001,video,1088428591601,1437,2024-01-01 01:54:48.033536
9908422317712,1792,video,6559234666689,949,2024-01-01 01:47:20.505399
9309560923070,1303,voice,9449076203675,1144,2024-01-01 01:41:49.461259
4308411259140,736,voice,4774448820471,1748,2024-01-01 01:42:02.140257
4116488187853,436,video,4347104657380,1064,2024-01-01 01:53:44.864482
2007242543193,783,video,5461550176680,659,2024-01-01 01:48:43.827071
9407902858710,510,video,5556633636129,1359,2024-01-01 01:43:15.697240
3445152074006,1729,voice,3735575955446,601,2024-01-01 01:52:35.864629
9978084436096,1920,video,5595746560102,1157,2024-01-01 01:52:44.540961
7016709905154,705,voice,9146869996697,1673,2024-01-01 01:50:44.629544
6023331549351,890,video,6638085166224,1061,2024-01-01 01:48:19.951293
3822147224180,1776,video,6405161342083,260,2024-01-01 01:56:19.269275
7877144835999,203,video,5052521630683,715,2024-01-01 01:53:42.554652
7368807208505,985,video,6615537961519,756,2024-01-01 01:46:18.359629
2715565017218,729,video,7051687301832,1231,2024-01-01 01:44:58.889204
9872233779652,811,video,6546505568790,1621,2024-01-01 01:56:13.529387
3290523255701,835,voice,8402558473231,1739,2024-01-01 01:45:57.721926
1234059572748,820,video,4476804323780,430,2024-01-01 01:51:39.104457
9429234220264,1162,video,1381511074366,1484,2024-01-01 01:52:04.504606
4681002141916,789,video,8881251602744,1047,2024-01-01 01:53:07.113463
0665015685273,1231,voice,7865644149557,469,2024-01-01 01:42:18.342442
2518983565748,213,voice,2910550403575,801,2024-01-01 01:44:04.733317
7243342766318,48,video,8759314184244,1171,2024-01-01 01:41:52.723013
4231383320544,1525,video,1383189029998,1657,2024-01-01 01:50:39.850154
2738539973666,114,voice,4958515827399,1191,2024-01-01 01:49:29.756323
6237317250929,1,video,5864441237427,639,2024-01-01 01:51:27.062372
9869610960271,1293,voice,6461056301101,734,2024-01-01 01:51:47.825454
5428954045667,198,video,4421531947670,632,2024-01-01 01:41:25.591141
9552351492914,1443,voice,2689697690166,52,2024-01-01 01:49:16.731730
6734777138675,768,video,2145733976701,621,2024-01-01 01:47:40.026535
6126422875607,987,video,1365617710919,809,2024-01-01 01:55:37.236389
6719641119744,1722,voice,2654929331374,1596,2024-01-01 01:48:28.763513
0445743750336,515,video,6120293493010,33,2024-01-01 01:56:31.429448
3093949382803,1580,video,1069569016119,1648,2024-01-01 01:49:03.849556
6365453537905,933,voice,9306574522952,604,2024-01-01 01:54:40.054704
0630047439301,1289,video,9884829987291,385,2024-01-01 01:54:09.101213
0830366601262,229,video,0113268457129,108,2024-01-01 01:52:42.896822
8855604301592,23,voice,7973093384347,812,2024-01-01 01:42:19.605459
0652977978207,1448,voice,0205286663230,1360,2024-01-01 01:55:17.478936
3795735266178,513,video,3014872691208,830,2024-01-01 01:53:42.969030
9266663819060,84,voice,8623020342195,782,2024-01-01 01:52:56.463106
1199215015215,699,video,5853962567901,1533,2024-01-01 01:46:51.777647
9968431146755,15,voice,7097091575913,301,2024-01-01 01:56:00.936752
1055558261706,203,video,0961774362360,1485,2024-01-01 01:49:03.981593
2293177702585,1598,voice,7776419111991,1054,2024-01-01 01:48:26.743439
8186571261252,207,voice,6626771580311,1052,2024-01-01 01:51:36.187865
7624947491102,407,video,0179703684631,1173,2024-01-01 01:51:25.279092
8238555774208,1471,video,0424568837919,659,2024-01-01 01:49:33.052044
9529569731072,1145,video,4199051771474,153,2024-01-01 01:49:46.464568
3337059072726,408,voice,1890551779256,979,2024-01-01 01:42:03.415547
0568409322633,1225,video,8344138715891,1624,2024-01-01 01:46:42.013730
6086802219873,755,voice,7033671402625,920,2024-01-01 01:52:20.737315
9724629600364,1882,video,8521264623445,341,2024-01-01 01:44:48.559531
8990469254856,206,voice,7566155102487,402,2024-01-01 01:56:26.628126
0153433546465,861,video,9214953208260,1163,2024-01-01 01:51:27.287233
2785012313669,443,video,8304872334164,500,2024-01-01 01:49:03.702972
7923169855280,481,voice,7631903495171,189,2024-01-01 01:45:13.569192
3273923784394,1744,video,8425419491727,514,2024-01-01 01:48:23.120763
7237552790542,1444,video,9103597457866,714,2024-01-01 01:49:24.190409
7135570471634,775,voice,4489148334336,1266,2024-01-01 01:56:10.524536
7146906708428,1160,video,7621896792276,1194,2024-01-01 01:43:12.805418
0037099114336,1253,video,1035962998399,1260,2024-01-01 01:41:12.607702
5870136471724,1548,voice,9719917734680,459,2024-01-01 01:54:49.550382
9983447360936,630,voice,3870254888067,1395,2024-01-01 01:45:34.465617
4993075468754,423,voice,2582456295784,1469,2024-01-01 01:50:36.772667
2603511789627,985,video,9095112492394,1217,2024-01-01 01:42:26.810345
9192532318390,1601,video,7419374195584,211,2024-01-01 01:50:29.261290
2468992424385,343,video,2324624077757,1626,2024-01-01 01:47:31.798176
8702686910287,996,voice,2241622936697,1234,2024-01-01 01:56:24.412951
0662465736331,757,voice,0875203894999,276,2024-01-01 01:40:40.841948
9905134180484,750,voice,5042234106446,1414,2024-01-01 01:54:01.940800
9036819684171,193,video,3602184981152,3,2024-01-01 01:56:10.647192
3806839943985,1521,voice,3357397811073,495,2024-01-01 01:41:37.675892
7447738640736,598,voice,0431165000854,1062,2024-01-01 01:50:08.817882
9466067966799,530,voice,9645676159951,1094,2024-01-01 01:50:01.001605
0481411139802,205,video,6308304430376,898,2024-01-01 01:52:41.858435
5691202975208,1801,video,4648676928261,1486,2024-01-01 01:55:06.336957
4472480287002,392,voice,3082502348509,1478,2024-01-01 01:55:49.702995
3138357695552,175,video,4745948243914,1175,2024-01-01 01:51:03.991219
3946320761888,370,video,7684707823887,1622,2024-01-01 01:51:39.012827
8094592208154,1995,voice,9182677177825,128,2024-01-01 01:47:22.331692
2725350258241,1282,video,3147393162251,932,2024-01-01 01:48:36.749803
1938265081638,1493,voice,4616958174358,1739,2024-01-01 01:50:49.327554
0926835771612,165,video,9622081740398,1388,2024-01-01 01:40:40.787961
8611709906978,185,video,0416488035589,258,2024-01-01 01:49:24.330821
7480625654064,1310,video,9264680184747,702,2024-01-01 01:41:34.394118
2002975945396,499,video,9418193242192,830,2024-01-01 01:46:45.504368
8264639928931,1387,video,9367463575487,723,2024-01-01 01:54:43.240875
5048352905617,1747,video,4822118146613,378,2024-01-01 01:55:05.886437
3546033712817,1260,voice,6047207563970,7,2024-01-01 01:54:29.769288
5541175729934,861,voice,7666799390086,6,2024-01-01 01:46:06.805501
6246649276281,1229,voice,5179065307403,1083,2024-01-01 01:54:57.823548
1164833797607,999,video,8724954377463,1140,2024-01-01 01:53:21.764013
4534627259468,1604,video,5484857258218,1605,2024-01-01 01:45:12.828605
8479392209087,246,video,9849455552133,988,2024-01-01 01:44:26.487577
7757063266925,1257,voice,7678464973005,1780,2024-01-01 01:53:11.124317
4975771757118,891,voice,9461472271143,637,2024-01-01 01:54:15.965325
0001004574427,545,voice,6900887213632,1543,2024-01-01 01:51:23.129096
2907389642601,1562,video,3769503575047,35,2024-01-01 01:46:26.439050
5173019290496,764,video,7625805332473,608,2024-01-01 01:55:14.144076
1673284862378,162,video,9109487383055,596,2024-01-01 01:51:05.586406
3960244671849,1242,video,0535408494819,334,2024-01-01 01:52:30.128503
7674922765856,1945,voice,3479925481929,84,2024-01-01 01:42:24.391708
9695875992618,1857,video,2774905833529,727,2024-01-01 01:53:10.480140
1810360013384,364,video,2515955649465,684,2024-01-01 01:52:40.642581
8688610214902,654,video,9299196036215,411,2024-01-01 01:55:20.768359
2853694181620,637,video,2700778187203,1317,2024-01-01 01:57:06.819081
9123801689618,1023,video,0543629932076,79,2024-01-01 01:55:21.002950
4123195886474,287,video,8288665969436,723,2024-01-01 01:45:47.402084
7943044178156,735,voice,0262925319372,953,2024-01-01 01:54:56.332735
3231536937764,1737,voice,6539207976107,1728,2024-01-01 01:46:17.431441
9996799264457,578,voice,5308116631405,1457,2024-01-01 01:41:34.540499
5218846964795,1743,voice,1110218404318,645,2024-01-01 01:43:34.256379
5476131634492,1058,voice,5435760089238,91,2024-01-01 01:46:54.383410
7288561984085,1262,voice,8443669076853,1546,2024-01-01 01:50:02.390940
6253760180416,1046,video,7351339379776,495,2024-01-01 01:41:49.915072
4146709642698,1482,video,6202922273781,1702,2024-01-01 01:42:17.576244
3299406891234,1546,video,9057709524543,472,2024-01-01 01:56:52.496920
3432253911197,671,voice,5474453628017,321,2024-01-01 01:45:06.246898
4229867791074,1634,voice,4319895633892,104,2024-01-01 01:42:17.954088
6369953105975,787,voice,6888145762932,1501,2024-01-01 01:45:59.748359
1051761144229,892,video,9617614265218,1551,2024-01-01 01:50:07.030837
9842912845187,1223,voice,6245747157383,228,2024-01-01 01:56:20.167538
8410078478370,448,video,6007478483733,548,2024-01-01 01:42:24.294712
3073204569211,311,voice,7815697527051,869,2024-01-01 01:56:20.739207
9507556798685,1215,video,3001956061467,206,2024-01-01 01:44:42.986681
7819305644473,995,video,8493703681368,1791,2024-01-01 01:40:32.718576
6649805634499,268,voice,5880633984220,1580,2024-01-01 01:49:40.518358
9517606957341,1410,voice,6494447210677,160,2024-01-01 01:52:17.376157
8951068498447,1982,voice,9322117935817,195,2024-01-01 01:46:08.840068
6799861692747,894,video,8459215522926,1058,2024-01-01 01:45:51.009018
9317834900734,1744,voice,0352168044549,798,2024-01-01 01:55:23.931603
8406455014740,1441,video,3085176925837,1338,2024-01-01 01:45:35.285058
2148616556169,945,voice,5527854542079,1304,2024-01-01 01:53:39.443945
2591865646892,59,voice,7378517426751,1024,2024-01-01 01:56:52.315578
1995223196471,645,voice,3795316148044,78,2024-01-01 01:56:45.609491
3496141025655,1835,voice,2060496125684,167,2024-01-01 01:46:29.659833
3741778086929,301,voice,0060338785109,622,2024-01-01 01:49:46.297144
2493410231568,1226,video,6102789189944,1127,2024-01-01 01:44:46.417548
2230274303070,1497,voice,3538611874416,1409,2024-01-01 01:53:43.426108
9569173514934,431,voice,7273649309239,592,2024-01-01 01:48:48.476651
6965285482422,9,video,9439133375107,1239,2024-01-01 01:55:11.161187
4474211362189,1226,voice,5723311097400,806,2024-01-01 01:50:56.354599
2200366115292,1299,voice,5199339910973,1034,2024-01-01 01:42:52.443249
8968433944028,980,voice,4912426462450,1383,2024-01-01 01:43:22.382143
9288854891565,1377,voice,4690507172934,86,2024-01-01 01:52:54.266635
5669015992273,769,voice,2892934102061,849,2024-01-01 01:41:55.880959
3471221580792,1725,voice,4063052895707,604,2024-01-01 01:50:06.399441
1034745494719,533,video,6453825513507,72,2024-01-01 01:45:15.193235
3024844098027,1129,voice,7833524531561,722,2024-01-01 01:41:52.673321
8183593645473,1321,voice,4712846283112,1694,2024-01-01 01:53:43.149754
5650382378332,1586,video,9930006740424,1729,2024-01-01 01:53:44.995222
9109953658595,1451,video,1652315205768,317,2024-01-01 01:54:30.779135
9887455863065,899,voice,4481625011692,487,2024-01-01 01:54:52.621155
3919199786464,624,voice,2428473545448,554,2024-01-01 01:56:41.178593
9964828007980,187,voice,6361272630709,1459,2024-01-01 01:55:32.332798
3251491520051,448,voice,4334467120363,818,2024-01-01 01:45:17.496160
9964297361701,1619,voice,9111535068823,326,2024-01-01 01:51:16.514100
8233399205295,1630,video,4001207082624,350,2024-01-01 01:42:08.391546
6289280736181,641,video,7552017224951,298,2024-01-01 01:54:11.784302
3690987608001,734,voice,0337789780634,127,2024-01-01 01:43:23.515363
3688738946399,1324,voice,7024833413496,1316,2024-01-01 01:54:17.599432
7286379407338,821,video,5810216590811,217,2024-01-01 01:45:26.707094
5129308497666,740,video,9658020777763,362,2024-01-01 01:48:48.262821
2014530733932,1923,voice,7167838794839,633,2024-01-01 01:42:03.259894
2254433308096,745,video,1210087282473,1459,2024-01-01 01:55:37.722160
2697243770548,1052,voice,9428299595553,638,2024-01-01 01:48:06.204481
8566332943095,248,video,2645832286542,1005,2024-01-01 01:51:53.384487
9616993888822,764,video,9610906990616,1026,2024-01-01 01:48:47.695403
8099816729848,957,voice,0188625447804,1042,2024-01-01 01:45:47.935457
9261481718391,1653,video,3530078134879,1442,2024-01-01 01:44:15.220865
7846968832927,420,voice,3170849042341,456,2024-01-01 01:42:36.837737
4500009408897,1436,voice,6566368523996,892,2024-01-01 01:50:13.668965
2312791978512,549,voice,6239547876164,907,2024-01-01 01:40:45.009238
5410156874608,533,video,8088595808001,1304,2024-01-01 01:54:18.871474
6916283965557,231,video,8487144076825,695,2024-01-01 01:52:13.834522
7253463838446,1463,video,8031648725446,804,2024-01-01 01:43:29.308017
1365234903099,384,voice,3942438054832,14,2024-01-01 01:54:56.426772
3316652706129,411,video,0046408370924,555,2024-01-01 01:53:11.703495
5000858967867,431,video,3290223243668,1375,2024-01-01 01:50:16.110833
2619784200309,236,voice,9597705922440,1295,2024-01-01 01:46:29.006287
0037099114336,1990,voice,8960808329495,1106,2024-01-01 01:43:10.626645
0938149875504,1335,voice,4149046921349,567,2024-01-01 01:44:15.386335
9894517681784,1082,video,1389492144254,1654,2024-01-01 01:50:56.302244
0240402492191,278,voice,8189302318388,1444,2024-01-01 01:54:07.390095
8826977661025,1133,video,2815837385259,172,2024-01-01 01:44:25.399663
6207903046831,562,voice,1692547130825,391,2024-01-01 01:53:15.355545
8114878071501,1134,video,1416584266886,208,2024-01-01 01:49:21.855837
4693860562629,1321,voice,3851395262356,1040,2024-01-01 01:54:39.508130
6774677795124,1879,video,8302466567230,1799,2024-01-01 01:42:59.001238
6206258168144,794,voice,1193375449200,1166,2024-01-01 01:54:01.840083
5896257129605,298,video,0314820955733,1608,2024-01-01 01:50:35.819856
5225613015244,405,voice,4698660278371,262,2024-01-01 01:40:41.783269
8969002368064,1372,video,9668324695305,854,2024-01-01 01:55:18.479795
4813500388084,1694,voice,9994041277115,577,2024-01-01 01:45:35.924845
4816644868105,1164,video,0179069471848,196,2024-01-01 01:45:06.194039
2758713074304,1961,video,3549535317734,1214,2024-01-01 01:53:50.314411
2283760938585,279,video,8108599513885,1178,2024-01-01 01:52:46.055337
1484239889772,1352,voice,0901029618499,1377,2024-01-01 01:43:40.755249
9883159166671,1512,video,0682028266493,1075,2024-01-01 01:55:20.410982
6380035280342,803,voice,3187223997463,193,2024-01-01 01:48:38.783305
1146556582380,661,video,6532882151386,424,2024-01-01 01:55:23.319787
3382797157401,48,video,2697655490237,843,2024-01-01 01:40:35.956956
9493768118760,19,video,1289406821015,1621,2024-01-01 01:56:42.220491
5286328322409,1300,video,1419489223759,890,2024-01-01 01:53:11.785424
2336754305930,10,voice,7811232028332,444,2024-01-01 01:47:57.855379
0252268273803,255,voice,7383092519503,332,2024-01-01 01:46:10.379024
1254479108771,1276,voice,2227102246418,53,2024-01-01 01:48:58.456735
9313092456618,1361,voice,9818609292228,1283,2024-01-01 01:55:13.271460
8417948414268,553,voice,2994137820570,1600,2024-01-01 01:57:06.334473
5478448039937,1072,video,4200107422681,718,2024-01-01 01:50:17.277662
8137272597229,765,video,5303604442943,1568,2024-01-01 01:54:40.957923
7032351165695,1541,video,4393676754194,1479,2024-01-01 01:45:34.148535
3880367517048,1887,video,1867041771807,673,2024-01-01 01:48:05.478861
7373684435633,1115,video,7163205026051,1495,2024-01-01 01:45:23.290304
7366250367079,273,voice,4148251927930,946,2024-01-01 01:50:21.361990
2946542410592,1049,video,3705548156906,131,2024-01-01 01:52:16.454954
9306469125132,332,video,9359481266943,205,2024-01-01 01:42:19.181699
4738242737855,259,video,7403456542340,744,2024-01-01 01:44:34.601407
5022926255335,1138,video,1368298959624,1038,2024-01-01 01:55:20.901489
9611554278558,1559,video,8812065169020,1382,2024-01-01 01:49:41.860980
0756245783177,898,voice,8397142196660,1520,2024-01-01 01:47:29.626218
0215480154681,473,voice,6241755288928,1018,2024-01-01 01:45:05.215808
9309143474298,54,voice,3222903083473,533,2024-01-01 01:45:54.297540
8979936366860,117,video,3277622180891,1443,2024-01-01 01:52:08.849064
5081468730272,483,voice,0880264803143,975,2024-01-01 01:49:03.015568
5603805192792,155,voice,3934783822164,1727,2024-01-01 01:56:49.310946
2710404585031,1217,video,7250859310383,331,2024-01-01 01:53:53.558537
8399465539332,423,video,8611138358912,600,2024-01-01 01:51:02.816823
8854744809967,77,voice,8736693455452,1130,2024-01-01 01:47:30.396394
4737178429166,1871,voice,5303836050435,1103,2024-01-01 01:50:15.189331
8613681085471,729,video,5220574652776,318,2024-01-01 01:47:32.829231
2479745279781,1148,video,1783122411943,413,2024-01-01 01:45:52.236420
3222318948880,195,video,3297408204142,193,2024-01-01 01:53:48.938927
0705996735897,1088,video,0076984181124,1257,2024-01-01 01:51:47.064172
9664494142549,1254,voice,4602238187533,150,2024-01-01 01:40:38.508417
4276188142306,164,voice,3317139539061,1514,2024-01-01 01:48:42.769618
1333919640994,1764,video,9199144455285,1492,2024-01-01 01:55:21.842391
1252445690204,1055,video,5927176385289,442,2024-01-01 01:56:53.795905
6545650428129,1802,voice,7864892498966,1156,2024-01-01 01:51:31.561846
4731024996082,968,video,6945296108310,1471,2024-01-01 01:51:48.122060
9015252371518,72,voice,0316432999702,672,2024-01-01 01:45:43.738992
2247374667307,946,voice,8447657853387,1638,2024-01-01 01:50:08.281810
1365716343595,1498,voice,0012510356754,1493,2024-01-01 01:57:07.135713
3235241220415,301,voice,6335328993295,819,2024-01-01 01:54:57.465819
1709280638890,1746,video,4112673844474,658,2024-01-01 01:45:12.900930
2044478687838,1943,video,9310805479399,885,2024-01-01 01:57:09.022885
6047446537824,1248,voice,8538597796521,992,2024-01-01 01:55:16.168821
8961922158142,605,video,2766230438449,59,2024-01-01 01:49:58.128231
2849497651935,1083,voice,1723152735833,1749,2024-01-01 01:49:12.752694
8716830074506,1321,video,6211390849855,765,2024-01-01 01:44:34.462683
3206794058744,141,video,1170459706900,1567,2024-01-01 01:44:00.386574
6838853017336,1425,voice,2011823304094,648,2024-01-01 01:43:05.715048
4921261443016,700,video,9925937903968,1477,2024-01-01 01:46:34.505339
9773951139669,1179,video,1220324164234,911,2024-01-01 01:47:22.659349
9461821021567,1048,voice,4098774379156,79,2024-01-01 01:52:50.200454
0821813462185,1338,voice,9039262767791,971,2024-01-01 01:54:09.386096
3061462065667,203,video,4271905481434,1614,2024-01-01 01:41:09.837472
3134688397151,511,video,0879815434691,274,2024-01-01 01:51:41.342852
3782156422374,1039,video,1110007204571,1577,2024-01-01 01:56:34.003244
3975171120960,1594,video,2554447172011,466,2024-01-01 01:50:01.069700
0900962214213,75,video,8878637133916,466,2024-01-01 01:54:14.280105
7513962686550,1029,video,4324056592537,1784,2024-01-01 01:41:37.013312
5008797655622,1719,voice,1239899925339,1120,2024-01-01 01:48:00.718721
8894340141636,1648,video,1067313534535,354,2024-01-01 01:49:31.200190
8025152053808,1340,voice,4961499343948,68,2024-01-01 01:55:39.774608
3267596649191,1368,video,8533199438616,1397,2024-01-01 01:53:40.840029
4651340211085,483,video,6693824247204,1318,2024-01-01 01:44:44.036373
5911302831796,395,voice,7626383142933,495,2024-01-01 01:57:02.065012
4843921221370,1752,voice,0570080118867,1356,2024-01-01 01:48:41.141874
0304834610127,1917,video,8868902506379,448,2024-01-01 01:56:06.832288
4015220093746,1739,voice,7377736218113,153,2024-01-01 01:43:58.189481
9668034527392,885,video,5164963634221,400,2024-01-01 01:52:31.237266
2729457951901,953,voice,7789099954876,1392,2024-01-01 01:42:17.672145
2790860951175,590,voice,3549788801265,231,2024-01-01 01:55:55.516932
7468636016687,1832,voice,8873249031492,1655,2024-01-01 01:48:02.397991
4744799955560,471,voice,3903944157919,280,2024-01-01 01:55:15.707259
5182365477349,49,voice,6975567269648,111,2024-01-01 01:45:21.796649
3245926198822,1907,video,2461273742300,1141,2024-01-01 01:52:27.580584
1729504144883,1110,voice,6212706673754,1543,2024-01-01 01:53:57.842412
1317776883504,322,video,8216289220969,1611,2024-01-01 01:54:05.860890
7487593206299,869,video,5888004838211,1118,2024-01-01 01:55:58.656293
5167267660184,1026,voice,8044438560279,1253,2024-01-01 01:47:52.803429
0375893977197,142,video,0730930678559,1461,2024-01-01 01:41:46.450396
9314544632330,1417,video,2377500643120,1444,2024-01-01 01:49:53.320629
2211301912450,1862,video,4399458475816,1153,2024-01-01 01:41:20.569729
9048487165650,615,video,8127165441495,1236,2024-01-01 01:50:17.813589
1859317338365,678,video,4475711653877,1717,2024-01-01 01:44:56.341822
1517144206084,918,video,3558951828008,1317,2024-01-01 01:55:50.673631
6503396455941,1608,video,6679896512683,689,2024-01-01 01:54:56.202354
7155031299198,1035,video,1890551779256,587,2024-01-01 01:45:16.196899
3531987194126,373,video,0420927910690,1454,2024-01-01 01:48:37.281940
9321819434203,114,voice,0538333804744,520,2024-01-01 01:57:13.701499
7290134795386,408,video,7030906889169,274,2024-01-01 01:54:41.330210
3181295734208,361,video,8946840222596,1577,2024-01-01 01:55:33.074865
7634933018766,1392,video,1336245821667,941,2024-01-01 01:46:20.660321
9990738406371,1259,video,1303357097455,1064,2024-01-01 01:42:11.292681
1983922006658,1195,voice,5985476542355,1537,2024-01-01 01:56:09.974663
3535640762122,466,voice,5540025436706,1332,2024-01-01 01:44:17.974494
6508178336661,1009,voice,2892597817660,1376,2024-01-01 01:49:10.808420
7567746176283,339,video,3028583372723,533,2024-01-01 01:55:06.108496
8746215852624,934,video,0481388672773,887,2024-01-01 01:49:30.731140
5587607445523,1731,video,2270409867685,260,2024-01-01 01:55:35.079366
2051869655110,1651,voice,7713244640867,277,2024-01-01 01:55:12.606831
1381131225609,734,voice,3168349349158,297,2024-01-01 01:44:12.783982
8123145623385,498,voice,6719809820650,1690,2024-01-01 01:44:36.401464
3308610182508,1551,video,8090159786720,1349,2024-01-01 01:54:22.444978
1700536907766,626,voice,0437128945732,996,2024-01-01 01:47:28.445822
4466001830128,715,voice,5857407572728,306,2024-01-01 01:55:28.424804
7635939031306,1588,video,4765165802203,989,2024-01-01 01:51:52.316100
8950062824922,1070,voice,6259311081252,799,2024-01-01 01:52:28.011454
2403505168474,1924,voice,0353324704647,1133,2024-01-01 01:47:40.440513
9900800581847,1454,video,9276504167543,684,2024-01-01 01:43:34.360446
3780398087748,1397,voice,8705671700888,138,2024-01-01 01:41:01.614838
1798367512389,1897,voice,1606960043911,1215,2024-01-01 01:50:31.111013
5858940917835,1382,video,0165504615516,855,2024-01-01 01:55:34.847681
2801422820531,1345,voice,8978787741743,714,2024-01-01 01:43:22.345926
4475593046569,1017,voice,7896348720701,230,2024-01-01 01:43:16.443554
1860816265952,1601,video,9450509743497,613,2024-01-01 01:56:57.403903
5470062989665,497,voice,2675551326401,1237,2024-01-01 01:43:52.554317
8224570532969,816,video,7093016847865,575,2024-01-01 01:52:44.895598
4897024168791,988,voice,5992769802374,1585,2024-01-01 01:44:28.807320
8025478087155,603,video,1203560072944,538,2024-01-01 01:49:30.072558
2710447454077,1838,video,8225621396130,1581,2024-01-01 01:51:48.161232
1970389527418,206,video,6322846721745,659,2024-01-01 01:42:45.477909
4344612929202,60,video,6177903877040,1523,2024-01-01 01:47:08.496007
5068594510060,1174,video,6080522996989,541,2024-01-01 01:40:48.294811
7012089399000,1827,voice,2658838315357,288,2024-01-01 01:48:14.126995
3861459156678,1973,voice,2043599195246,715,2024-01-01 01:55:01.671825
0156134451909,1401,video,9117702252764,1797,2024-01-01 01:43:46.757046
8763655246703,1687,voice,8040593770550,1600,2024-01-01 01:55:20.162295
1811023560119,1881,voice,6431378636091,107,2024-01-01 01:45:42.155401
2428837024705,1240,video,9073626663618,1001,2024-01-01 01:46:07.264962
8550151977480,1441,voice,3326104221519,354,2024-01-01 01:55:07.971687
3353065585983,14,video,7378370214601,254,2024-01-01 01:54:19.787232
3025448217451,1190,voice,2069055283562,201,2024-01-01 01:42:46.965387
2177277572693,1496,video,3764606099467,725,2024-01-01 01:42:42.513133
6468462969858,1699,video,2422725766518,1380,2024-01-01 01:48:04.776274
2621386598051,1949,voice,4407877890367,264,2024-01-01 01:46:17.272429
5588455477833,1959,video,5406304014664,86,2024-01-01 01:42:37.402129
3200839113179,1585,voice,3574257573061,1304,2024-01-01 01:42:20.294130
9142657959256,136,voice,9976997062290,1606,2024-01-01 01:44:26.132909
7382880611515,1005,voice,1220442417235,198,2024-01-01 01:44:07.495888
2788675228511,82,voice,0017571109399,1012,2024-01-01 01:45:30.533140
4540445149187,710,video,8471596850268,1535,2024-01-01 01:43:10.617783
1260748082305,515,voice,4358462594190,671,2024-01-01 01:44:37.039279
9985105605781,595,video,8878637133916,731,2024-01-01 01:54:01.765719
3134073485058,1641,video,8750552099525,1296,2024-01-01 01:51:43.733112
7139298138633,1941,video,1306983230994,929,2024-01-01 01:49:37.543709
9664494142549,1311,voice,0299032430640,702,2024-01-01 01:53:38.037057
5660926725123,458,voice,8084466846742,294,2024-01-01 01:49:35.926066
3227802880869,1429,voice,2934448054891,411,2024-01-01 01:48:30.504824
6943802202029,1378,voice,7446056165389,102,2024-01-01 01:55:37.663078
1986089136193,186,voice,2047707063573,574,2024-01-01 01:46:23.580581
2774121566640,1877,video,7766726304089,1353,2024-01-01 01:56:22.638304
9800507873781,1406,video,1568457817882,945,2024-01-01 01:47:47.316694
4765135541787,109,voice,0063339269149,691,2024-01-01 01:47:52.331185
4500108646190,302,voice,5132976673490,897,2024-01-01 01:41:24.887582
3137854130600,279,video,5626062255287,305,2024-01-01 01:52:33.729710
0349300846376,1364,video,1419668879178,179,2024-01-01 01:45:06.744566
6508646891453,642,video,4125981909998,577,2024-01-01 01:42:18.656248
2345612418379,132,video,4878100399296,486,2024-01-01 01:56:19.036476
3180710343513,763,voice,7801183341305,1104,2024-01-01 01:49:14.948346
2589809078648,1666,voice,8992085197963,397,2024-01-01 01:56:43.966988
1411316518539,852,video,6764256846147,1500,2024-01-01 01:54:57.089755
7489948341756,1122,voice,7852308415578,161,2024-01-01 01:51:07.253294
8009596285247,1211,voice,1789695381929,850,2024-01-01 01:48:17.194218
3057019673182,1047,video,0285788155644,275,2024-01-01 01:50:16.705602
0702598650658,1234,voice,5682827516025,1020,2024-01-01 01:42:18.121613
3659478834855,1527,video,7224010921265,897,2024-01-01 01:54:15.114550
4712904424492,1713,voice,6321431927261,1138,2024-01-01 01:50:17.865005
0833198159822,804,video,3179971096596,302,2024-01-01 01:42:07.810625
9614057599682,251,video,9371252962905,403,2024-01-01 01:43:01.653474
4586097138057,1333,voice,4359898682470,1704,2024-01-01 01:42:11.562672
6233712448742,1793,video,1145989895026,812,2024-01-01 01:50:03.902991
5899966315404,876,video,1029161052635,354,2024-01-01 01:54:34.375079
2877048893708,1088,video,9366443676400,826,2024-01-01 01:49:56.047957
1434795154956,1500,video,2349826807321,1389,2024-01-01 01:46:38.534593
7268631513100,1569,video,5941720771536,236,2024-01-01 01:55:46.409332
8808385391784,1583,video,6168861129488,1323,2024-01-01 01:46:27.910426
0251300682824,347,video,1846513644947,57,2024-01-01 01:49:25.192945
6560181157859,52,video,4720669952066,290,2024-01-01 01:56:54.926518
5834854870010,1785,video,1017030765074,1283,2024-01-01 01:42:31.578442
2893532083257,251,voice,8308954197074,616,2024-01-01 01:52:50.305131
1599043441020,617,voice,1619908006864,976,2024-01-01 01:49:54.268543
3960580950412,795,voice,7194706984534,590,2024-01-01 01:45:33.105888
1462545205074,512,video,9458197491622,659,2024-01-01 01:49:44.110248
0699968545747,684,video,5679324197536,1275,2024-01-01 01:41:46.808593
4172682180886,1817,video,8813766185422,798,2024-01-01 01:44:01.698588
4750431509317,972,video,0059550659883,1140,2024-01-01 01:41:58.345119
3270676195740,412,voice,7678301346124,428,2024-01-01 01:41:19.317622
0703423245869,1325,video,7129903531699,1269,2024-01-01 01:42:23.025156
7585893478310,1455,video,1581605291811,353,2024-01-01 01:48:43.160619
9743722359706,455,video,2433395381302,1119,2024-01-01 01:56:22.649684
2733411156111,1582,video,9884243486373,63,2024-01-01 01:57:06.575580
0414716448282,1224,voice,5256520748626,1694,2024-01-01 01:53:43.545102
9444659098380,1190,video,9355181351475,930,2024-01-01 01:46:59.123732
3010713664741,1380,voice,8583954884644,1157,2024-01-01 01:51:34.692215
0220346367474,479,video,2100632389889,1265,2024-01-01 01:42:18.895203
4878289391749,116,video,6859858119935,99,2024-01-01 01:48:19.703067
7833335496891,1487,video,3505908153104,420,2024-01-01 01:54:58.794305
9066272083547,1319,voice,6319721360085,1392,2024-01-01 01:51:50.060707
1860509761323,538,video,9555824684670,303,2024-01-01 01:48:16.023689
4740846309439,484,voice,9836375317681,1000,2024-01-01 01:53:03.150471
9688432778555,1213,voice,1805325229628,1705,2024-01-01 01:48:42.215098
3705921017170,465,video,8693519705700,1629,2024-01-01 01:40:53.665764
6983504485129,749,voice,0911378813357,84,2024-01-01 01:50:31.465756
2319314184328,1942,video,4743428135758,1770,2024-01-01 01:44:33.127722
7077121813027,972,video,3815605429923,1365,2024-01-01 01:46:53.904860
1013133123257,515,voice,6038530803714,1182,2024-01-01 01:43:20.752840
4127060418790,1699,voice,4061893685444,318,2024-01-01 01:42:09.908953
3398161564812,862,voice,6486447756259,1716,2024-01-01 01:50:22.105103
7086249597337,1955,video,6938580870045,424,2024-01-01 01:43:37.907081
8750192482396,515,video,5593155068731,1001,2024-01-01 01:50:19.916834
2480584997040,1852,voice,4111097885519,854,2024-01-01 01:52:01.127381
0304092649064,1145,voice,5133189145859,290,2024-01-01 01:51:35.866088
7511214402467,1744,video,5511828190902,1671,2024-01-01 01:55:09.535981
4775248272009,981,video,8839075394520,778,2024-01-01 01:53:04.533769
7336795805542,514,video,9375641186166,523,2024-01-01 01:51:08.443514
1819059273794,1996,video,5933942608845,52,2024-01-01 01:52:34.184280
5103441433426,449,video,8538456174793,6,2024-01-01 01:53:34.258969
6924738309389,45,video,4574822791012,1096,2024-01-01 01:41:32.123390
2966619156492,25,video,9078047646529,1120,2024-01-01 01:53:43.554901
5349067918585,1963,voice,6877079381795,1231,2024-01-01 01:50:07.742713
1595814710128,102,video,1718228658718,887,2024-01-01 01:54:41.571770
4282325097409,252,video,5247153542912,1117,2024-01-01 01:48:47.855224
0239523479142,826,voice,9940949844881,853,2024-01-01 01:55:33.927556
9056116053779,285,voice,4643458521298,508,2024-01-01 01:53:39.915490
4729286799703,1719,voice,0015411506027,1221,2024-01-01 01:56:40.924845
4150358182375,402,voice,5781164005017,143,2024-01-01 01:46:32.847711
0648706653986,700,video,5884261904057,1427,2024-01-01 01:53:34.042400
5958193218102,68,video,8904628574224,116,2024-01-01 01:47:44.219240
4653975268265,1773,voice,4274218377238,835,2024-01-01 01:42:56.379681
5279159310978,730,voice,8968892267691,1367,2024-01-01 01:47:28.120999
8730924538379,516,video,7407609071291,1674,2024-01-01 01:54:12.909763
5333253971191,1528,video,0294125753000,966,2024-01-01 01:52:37.904386
6146795745572,492,video,2188411415091,902,2024-01-01 01:56:08.462858
2308406100966,1594,video,6080681174503,174,2024-01-01 01:48:32.357008
5362959888638,565,voice,9383081908686,535,2024-01-01 01:43:43.693595
8739522912071,1985,video,9033031306358,65,2024-01-01 01:56:41.114897
7611359595272,1462,voice,1029055855708,830,2024-01-01 01:42:10.707321
1338152882505,1899,video,0206672217875,441,2024-01-01 01:51:44.096437
6154564530351,475,video,9326758767381,1557,2024-01-01 01:56:58.746747
9763906690436,1947,video,8123459010759,29,2024-01-01 01:43:10.786201
3089097344346,858,video,3368503801803,736,2024-01-01 01:46:06.734240
7998488585540,1571,video,1678028596701,1451,2024-01-01 01:42:45.122648
9431662807839,347,video,8630648576012,1509,2024-01-01 01:49:17.307232
0655085813811,1148,voice,0790789598865,88,2024-01-01 01:48:01.083884
6560089251370,1789,video,3348049957401,730,2024-01-01 01:49:37.993396
9886527483333,1591,voice,0045915753799,749,2024-01-01 01:56:29.822294
3311763891426,1151,video,6044496665501,313,2024-01-01 01:44:49.991866
0015319390546,18,video,2278272251122,732,2024-01-01 01:45:56.690477
4256654138644,679,video,2529934712048,1218,2024-01-01 01:47:29.321030
4122340952765,1259,voice,1945221045888,981,2024-01-01 01:51:54.563998
1647163710509,1669,voice,5043399357866,1226,2024-01-01 01:51:26.451644
2050130455532,1607,voice,9573262303558,1146,2024-01-01 01:46:43.162638
4918691561100,282,video,5845326848128,437,2024-01-01 01:53:40.392682
8481683531922,1273,video,4797492797802,943,2024-01-01 01:43:47.095555
5469999756204,255,voice,4898780781272,159,2024-01-01 01:51:58.060343
6905837073939,1175,video,5861983508789,412,2024-01-01 01:50:05.997410
8558114890159,1033,voice,8347942878252,587,2024-01-01 01:45:46.640166
2806196727450,791,voice,5510710675315,756,2024-01-01 01:56:39.609918
8721781027891,1986,voice,3479423368858,49,2024-01-01 01:48:40.278267
9658460577122,1456,voice,3205851540828,781,2024-01-01 01:48:15.521919
4963001844021,1620,video,2454737134095,1144,2024-01-01 01:43:20.389082
9584505693970,128,voice,0174159204534,1567,2024-01-01 01:47:12.814308
4954922922464,1055,voice,9300381782876,1362,2024-01-01 01:44:20.701110
1301931870447,1197,video,6855589614307,1314,2024-01-01 01:52:11.510466
3144528610531,803,voice,7049158302118,1335,2024-01-01 01:42:06.788484
1085307361979,296,voice,5184466342354,169,2024-01-01 01:48:07.978995
6746023433656,1859,voice,8313237292655,1560,2024-01-01 01:56:16.500065
8995199158049,467,voice,5667012792973,223,2024-01-01 01:45:20.652402
9638385411537,100,voice,6536635188459,328,2024-01-01 01:49:00.281646
3708660169959,1661,voice,4287453490455,1094,2024-01-01 01:42:10.703569
2608704050646,10,voice,0278898302596,1179,2024-01-01 01:51:09.537618
3072403677552,1168,video,8696048818676,854,2024-01-01 01:43:49.415713
9594824569423,873,video,4235857265380,1523,2024-01-01 01:48:45.164280
4279600324284,1697,voice,2725027025110,753,2024-01-01 01:45:04.131707
7615963885840,880,video,3686329197532,424,2024-01-01 01:50:24.687139
7395020912356,1410,video,3533876868222,887,2024-01-01 01:49:39.997818
5861860600157,882,voice,5165619078811,24,2024-01-01 01:50:12.440804
4989881703205,1870,video,2961382033996,270,2024-01-01 01:49:24.752086
8040148628536,1243,voice,6513109263700,1618,2024-01-01 01:48:32.633211
0758159748605,588,voice,7353933060171,1651,2024-01-01 01:50:20.357643
9427923448468,1560,video,4382120931851,568,2024-01-01 01:50:12.869172
4372346768115,778,voice,3519816626573,1413,2024-01-01 01:52:37.536128
2487795284299,1534,voice,5099992199385,251,2024-01-01 01:52:36.920441
4284529735317,1602,video,5745422700294,227,2024-01-01 01:53:20.923837
7230553209530,426,voice,0384185380052,1586,2024-01-01 01:41:50.527263
5366888498057,83,voice,5579892537722,1411,2024-01-01 01:42:06.248001
3887481508521,1019,video,1150852016944,1362,2024-01-01 01:52:10.134666
7918057154871,475,voice,2221250399293,1013,2024-01-01 01:51:35.794706
9990738406371,1570,voice,9460427001744,1099,2024-01-01 01:56:25.206831
1904519925443,144,voice,7745288697538,620,2024-01-01 01:46:11.410376
1767723131758,855,voice,1976664291363,1544,2024-01-01 01:54:31.524087
0216513180301,1524,video,0294560487327,727,2024-01-01 01:51:30.171925
4136348945070,1376,video,4013280428730,1475,2024-01-01 01:52:47.957751
2461579601844,292,video,0138812467005,663,2024-01-01 01:51:11.896560
9164871999694,82,video,0847893950118,1191,2024-01-01 01:41:15.060124
7089317550070,1955,video,1984365772414,1267,2024-01-01 01:51:06.647041
5537900496859,298,video,0425585994679,161,2024-01-01 01:50:02.402387
5355123628648,1385,voice,4701000432185,758,2024-01-01 01:44:26.225141
5873156334877,1642,voice,4776581495546,1172,2024-01-01 01:56:58.302646
6262149736719,1089,video,8987218614178,279,2024-01-01 01:52:40.880349
2480953019295,1823,video,4158320901869,993,2024-01-01 01:49:36.383227
2445441211548,1381,video,2073837407833,227,2024-01-01 01:52:23.100641
9823743763616,1729,video,8660546722183,321,2024-01-01 01:43:12.497952
0790343289069,1080,video,9862197867265,167,2024-01-01 01:50:13.690485
0404916529956,1670,video,0352112304523,1595,2024-01-01 01:55:19.381294
7971211352410,35,video,6092842834962,50,2024-01-01 01:44:58.580920
0909387108672,1208,voice,2747915193450,1313,2024-01-01 01:50:22.773432
2751744558462,1368,voice,8638728140004,167,2024-01-01 01:54:57.743900
6890667902703,154,video,3916659127226,1692,2024-01-01 01:51:45.203165
9699688877105,885,video,9925383318946,188,2024-01-01 01:46:48.409277
8236828248262,1891,video,5351721245516,60,2024-01-01 01:45:58.465184
4196439798464,1344,voice,9345075028350,353,2024-01-01 01:54:57.873517
1347483641955,528,voice,2447801502293,526,2024-01-01 01:47:39.701771
6576898034993,532,video,8058751908084,1591,2024-01-01 01:44:50.865632
0887378538288,710,video,4929121914193,830,2024-01-01 01:46:16.475795
5813167600687,1932,video,2086171131708,302,2024-01-01 01:48:01.943523
2575904077321,444,video,6027072327600,1759,2024-01-01 01:41:40.590130
2888169450057,1733,video,1580194503901,1531,2024-01-01 01:49:57.511437
9770141772154,346,voice,8970197943393,1534,2024-01-01 01:40:41.120876
3953429929319,1585,voice,7297599812535,1025,2024-01-01 01:45:16.474177
2632305713267,1601,voice,6139978850118,1741,2024-01-01 01:54:15.855437
5980986349014,1603,video,9742367977404,652,2024-01-01 01:49:57.488032
0260193646916,340,voice,1669113783161,1466,2024-01-01 01:56:14.617715
5814575955454,1379,video,5052620831761,71,2024-01-01 01:45:25.908605
5998723050640,699,voice,7420136692709,704,2024-01-01 01:55:11.193692
3190462390826,1948,voice,1631727527977,1776,2024-01-01 01:41:27.213701
2742199805732,873,voice,2641912660630,905,2024-01-01 01:56:22.408410
3002586552944,1468,voice,9384684145942,544,2024-01-01 01:56:38.621987
5678346141094,1195,video,2128786894332,477,2024-01-01 01:48:30.581284
9880718444120,1525,video,7563010524191,749,2024-01-01 01:51:05.921528
4997819523694,503,video,4706879453437,1277,2024-01-01 01:40:34.063756
8399758200714,1751,voice,7463111001696,1773,2024-01-01 01:47:01.113829
7761553489339,252,video,1579779649046,217,2024-01-01 01:41:54.301740
9538059405336,136,video,7732543748534,343,2024-01-01 01:46:00.908171
9959987548439,1860,voice,7144020577261,1095,2024-01-01 01:41:24.046094
5902332457740,1840,video,6669125603864,280,2024-01-01 01:45:06.067300
9601557255926,40,video,9254344463085,1644,2024-01-01 01:55:12.963421
1875105834210,1069,video,9910855712479,979,2024-01-01 01:46:00.500809
6162552417360,140,voice,2621096726543,1432,2024-01-01 01:47:28.524421
8376692599874,1110,voice,8760158704072,694,2024-01-01 01:47:22.615977
6178318069333,197,voice,0472144078235,275,2024-01-01 01:51:00.510780
0794488026503,1863,voice,3271148084457,524,2024-01-01 01:45:39.627992
0621711521052,313,video,9677322949092,678,2024-01-01 01:53:03.778955
1120755013388,1590,voice,9805594322329,1178,2024-01-01 01:41:24.122724
9817724055987,1488,video,2328646870130,1380,2024-01-01 01:50:50.949631
8585323336623,1231,voice,7505076122265,592,2024-01-01 01:51:47.469958
7200721961881,399,voice,0782262450972,1076,2024-01-01 01:47:33.358940
1493654653531,1074,voice,0091692029908,1302,2024-01-01 01:41:01.036678
5177587477569,1425,voice,6509804741728,1658,2024-01-01 01:41:42.341753
1562706421107,156,voice,3356779666899,1576,2024-01-01 01:43:07.600345
6545805429583,511,voice,4248761953478,1255,2024-01-01 01:53:32.981247
0482084447774,783,voice,8507204415552,1040,2024-01-01 01:42:00.890322
1343982635576,484,video,6924895682855,284,2024-01-01 01:41:18.113587
5974750002537,725,video,7874333635096,63,2024-01-01 01:54:27.902372
8805572322557,303,video,6438737017252,1479,2024-01-01 01:45:41.583918
4160012750896,1657,voice,8662094711135,953,2024-01-01 01:51:17.301606
7218740464864,1986,voice,3431721359798,959,2024-01-01 01:55:28.916369
2807691216583,1354,video,4859078108820,488,2024-01-01 01:41:39.132892
2094934310306,1420,video,3531341640688,1543,2024-01-01 01:46:42.969043
6595161454976,1363,video,2918140462709,1525,2024-01-01 01:47:20.870990
1969636601564,858,video,9885601579510,191,2024-01-01 01:47:07.302625
9547217373637,815,voice,3561500579371,1175,2024-01-01 01:50:24.792195
2947025150217,301,video,9671284077288,1701,2024-01-01 01:54:07.499378
7156281554324,1839,voice,4993269881200,306,2024-01-01 01:54:07.029316
4401244861544,1302,video,4153837823309,1215,2024-01-01 01:56:57.136006
0335201019809,583,voice,4011807248333,1317,2024-01-01 01:46:26.973891
8321858541033,1496,voice,9245476261951,932,2024-01-01 01:50:31.042283
4547955427148,995,voice,2642108834942,1272,2024-01-01 01:44:57.888331
5707282903698,1069,voice,7270442032502,775,2024-01-01 01:42:57.808420
4828034397385,1255,voice,2870994072571,1704,2024-01-01 01:54:37.662969
6114803307961,1396,video,5428483358185,1482,2024-01-01 01:50:07.669771
8158262210282,1480,voice,7080631436533,407,2024-01-01 01:41:53.656753
1627222941330,1148,video,9629081738411,1027,2024-01-01 01:55:20.662765
7015981693964,707,video,4078947569393,1469,2024-01-01 01:52:37.955116
1178913376446,1713,video,5381868608242,1257,2024-01-01 01:50:03.244670
1340291866474,272,voice,4797806507851,1045,2024-01-01 01:51:24.094564
6077206176938,968,voice,7540407795112,1438,2024-01-01 01:41:55.847352
0719535693338,1260,video,2552596103120,1308,2024-01-01 01:46:00.355631
5996193884432,1052,voice,3601241557054,826,2024-01-01 01:44:16.984655
3093379207565,1910,voice,1633993505775,180,2024-01-01 01:51:46.914148
2664771193336,291,voice,8598702673441,204,2024-01-01 01:43:26.578636
6418873005251,161,voice,3671946180922,1418,2024-01-01 01:56:46.089381
9913094483447,1559,video,8147986399536,514,2024-01-01 01:44:10.806321
6373253907343,1102,voice,6384352838499,732,2024-01-01 01:52:16.295610
7016339779267,1864,voice,8963037855715,1401,2024-01-01 01:42:19.590915
3109429558209,1276,video,3244475082039,1309,2024-01-01 01:53:57.143712
7105396237861,1688,voice,6679939211915,215,2024-01-01 01:47:05.912319
5237225109800,1774,video,0867496174872,1199,2024-01-01 01:46:10.531034
7717581304248,314,voice,2891633200857,672,2024-01-01 01:51:56.842345
8651122127318,821,voice,1613515653539,46,2024-01-01 01:47:26.813459
2074645317179,727,voice,9456634679471,1120,2024-01-01 01:48:04.289971
7614842432619,934,voice,5676241316731,1531,2024-01-01 01:54:22.306182
6675920982857,1305,voice,7351085193793,362,2024-01-01 01:50:57.964001
8036046778907,1657,voice,3308760904954,290,2024-01-01 01:54:44.451692
4789098900183,1526,voice,6515646585521,741,2024-01-01 01:55:48.534913
7505819386833,1823,video,0243435422157,557,2024-01-01 01:43:11.823386
1857542746327,1985,voice,7207044748099,1252,2024-01-01 01:41:28.303631
1967887136916,1781,voice,3322138100014,736,2024-01-01 01:53:18.132478
0195136133869,1755,video,0173871683980,1434,2024-01-01 01:46:57.757568
6650767516880,767,voice,7495161634129,742,2024-01-01 01:41:01.623752
3025255021952,1820,voice,1322832198749,86,2024-01-01 01:52:41.038491
9795207531403,1327,voice,6747829424757,188,2024-01-01 01:43:41.495272
2023378752774,408,video,0650497655032,407,2024-01-01 01:53:23.631272
5443434092082,1684,video,3835804801971,736,2024-01-01 01:46:44.621461
8814479332935,1772,voice,9894030362541,796,2024-01-01 01:40:55.317263
6817732227480,1647,voice,6280663776307,19,2024-01-01 01:47:12.561144
0480007069188,20,video,7684707823887,1138,2024-01-01 01:56:14.846838
6981171222332,1082,voice,4106230561342,785,2024-01-01 01:50:03.836431
1017820596108,1751,video,7313347114984,855,2024-01-01 01:43:26.813722
8377476574653,388,video,2651136513156,908,2024-01-01 01:53:01.871879
1600033901152,470,voice,5502781846496,733,2024-01-01 01:51:40.646295
6548161716401,1380,video,1022412463489,1390,2024-01-01 01:51:14.971976
8369851608245,350,voice,2035498390346,1418,2024-01-01 01:46:11.025897
3996431247333,1860,video,1388709942376,846,2024-01-01 01:41:36.066089
4393520794196,1686,video,6919368848961,604,2024-01-01 01:42:03.101581
6573353776025,1081,video,4170549289434,737,2024-01-01 01:54:04.246249
3690322031859,506,video,4830267287204,124,2024-01-01 01:41:29.881261
8813447540286,1636,video,5725652608679,1162,2024-01-01 01:56:50.643831
7178867931951,851,voice,6560565604171,371,2024-01-01 01:53:44.272708
1970389527418,1252,voice,4044068590965,1039,2024-01-01 01:55:18.108775
6798288492768,1308,video,2800293447887,1122,2024-01-01 01:53:49.533063
9739466620580,47,voice,1224188032771,1644,2024-01-01 01:48:43.655288
3690739174670,428,video,4630302227841,673,2024-01-01 01:53:02.126992
3831180630642,1,voice,5390767303345,63,2024-01-01 01:55:05.495981
5551476331522,1807,voice,9276504167543,1175,2024-01-01 01:44:57.287955
9911376483502,796,voice,4964843640661,1308,2024-01-01 01:49:37.972380
2539831327191,1931,voice,9725583624072,1035,2024-01-01 01:45:25.974506
8757770665456,344,voice,5942097917905,91,2024-01-01 01:41:44.222534
1191602383929,513,video,3693867306957,1671,2024-01-01 01:47:33.483946
6820416084409,1832,voice,9781681238319,1168,2024-01-01 01:52:46.689320
9197145816255,1246,voice,7789622298470,1384,2024-01-01 01:46:35.031005
2165962921644,1172,video,0474509486632,1586,2024-01-01 01:54:48.121897
2711786938950,570,video,3929158456877,39,2024-01-01 01:45:05.344579
3028766197772,73,voice,3826714044295,1776,2024-01-01 01:50:23.389296
7619266388379,1966,voice,3817353979281,482,2024-01-01 01:44:41.183777
6335433180930,1627,video,2041820425802,415,2024-01-01 01:43:01.872405
2560510973422,1202,voice,8705222547453,557,2024-01-01 01:43:25.330446
2577443478977,1351,video,7876830596319,1695,2024-01-01 01:50:18.829300
3712241367388,1341,voice,8003767492681,422,2024-01-01 01:56:08.193374
3489344794835,225,video,2630149600315,833,2024-01-01 01:49:41.986093
0941571665525,1621,voice,4305786732238,1301,2024-01-01 01:53:49.838372
8896536459279,261,video,5979024573476,1242,2024-01-01 01:53:11.288172
3144527694972,1438,video,0974593305806,858,2024-01-01 01:48:39.548498
8195074384497,1149,video,5125196146456,1403,2024-01-01 01:50:05.207229
5927527523518,930,video,7218663580152,166,2024-01-01 01:55:27.508271
7387243221711,1480,voice,7552874072426,1336,2024-01-01 01:56:44.066070
4763662465025,1908,voice,3109196268516,1315,2024-01-01 01:52:14.816919
5903953090430,1083,video,7730629925004,1094,2024-01-01 01:44:18.335854
2462464444648,6,video,8964893409524,1584,2024-01-01 01:55:29.364090
7160402754889,1155,voice,0166654109043,1761,2024-01-01 01:44:31.619986
2666366766292,1904,video,0556559057605,932,2024-01-01 01:50:45.933678
4618826360749,950,voice,0536724326502,1456,2024-01-01 01:43:27.023135
2105754471351,690,voice,3411611659144,1155,2024-01-01 01:45:01.289853
9713904504472,170,voice,9816482447684,1517,2024-01-01 01:46:39.247746
5507600261150,799,video,2315572384439,119,2024-01-01 01:43:52.347452
2883443324523,1782,video,4364416976071,1170,2024-01-01 01:52:23.503809
6469030281828,216,video,0173250441503,554,2024-01-01 01:42:33.717895
7921458500811,1012,video,3127893028116,761,2024-01-01 01:43:10.740299
5166974268361,1115,video,7327376535123,1743,2024-01-01 01:42:21.090921
3021347068689,1319,video,3120296561430,154,2024-01-01 01:45:32.627378
8920263694247,1795,video,6987534493673,35,2024-01-01 01:56:21.375394
5464982567418,116,video,1956791369002,1696,2024-01-01 01:50:04.196642
5054843246158,1130,voice,1878222305439,722,2024-01-01 01:42:52.249942
7435550406914,1465,video,1711655144380,49,2024-01-01 01:56:24.458223
0419446283238,1625,video,5733249246522,1137,2024-01-01 01:45:40.772992
0937499343675,1319,voice,8222499826277,1239,2024-01-01 01:46:45.601102
2717859187997,1395,voice,8187617073596,152,2024-01-01 01:49:51.658101
0858851888224,1579,voice,3002471900045,1395,2024-01-01 01:40:40.876245
8164712399311,648,video,8479117989775,1086,2024-01-01 01:41:39.842722
1322682373901,370,video,5988179302494,1238,2024-01-01 01:54:23.047724
9390045452140,984,voice,8489027215006,131,2024-01-01 01:44:40.768915
2559327203712,1062,voice,9830234837722,1,2024-01-01 01:40:48.675437
8640040660256,147,video,4654450429579,8,2024-01-01 01:56:56.310742
4770560077492,1128,video,8945859302433,366,2024-01-01 01:42:06.664199
5146755257803,802,voice,4310915728010,229,2024-01-01 01:51:29.733876
4755191365400,628,video,7497575158469,492,2024-01-01 01:47:31.584589
9261334745093,901,video,5016349410647,652,2024-01-01 01:48:56.573832
3078521333695,418,voice,8936605029528,139,2024-01-01 01:54:25.038816
5311358465451,1193,voice,4657441584288,1281,2024-01-01 01:51:34.299341
1512367065578,1613,voice,8589444614604,1149,2024-01-01 01:47:30.575321
7309993486130,262,video,7244107437810,1216,2024-01-01 01:54:38.078282
3258047121429,282,voice,3185437409837,6,2024-01-01 01:48:27.059220
3000089691918,1196,voice,6298455396921,276,2024-01-01 01:44:34.447829
8384693177005,1736,voice,8511674806740,949,2024-01-01 01:57:03.178544
7151743492024,419,video,2386081727999,575,2024-01-01 01:44:56.924091
8875561839218,1356,video,1202732668172,1768,2024-01-01 01:52:14.525291
0289953330127,845,voice,7820557046188,1048,2024-01-01 01:47:57.146418
3820676484759,874,voice,8379617211537,986,2024-01-01 01:51:57.931634
7575403879565,419,video,4892810339245,4,2024-01-01 01:50:57.273743
4314207684381,1180,video,7937079434053,699,2024-01-01 01:50:22.610421
6427318302182,743,video,7666024778818,9,2024-01-01 01:52:31.429121
0041386437095,159,voice,0764756372405,754,2024-01-01 01:54:52.390526
0489210605097,1225,voice,5276544894571,202,2024-01-01 01:51:50.437489
9255942282562,1807,voice,7826648394417,295,2024-01-01 01:56:29.310667
9890849233536,1448,video,7144823039906,457,2024-01-01 01:49:06.817146
3566988298843,1210,voice,3839204423808,769,2024-01-01 01:53:00.522320
2006172484360,443,voice,4689636963046,591,2024-01-01 01:43:03.131674
8122148877196,1619,video,3324231526633,647,2024-01-01 01:50:50.992061
0494172658423,1918,video,6037872727077,1357,2024-01-01 01:46:14.375520
2151651244459,1695,voice,1321004025379,1421,2024-01-01 01:56:34.443827
9208697405694,1720,video,1083924555767,1635,2024-01-01 01:52:49.511670
3155920360383,1982,video,9864613056745,1432,2024-01-01 01:40:52.495071
1540126880085,1783,video,1978459846133,53,2024-01-01 01:55:22.172812
7292740714331,1841,voice,6855465633262,1294,2024-01-01 01:48:28.495643
8481683531922,56,video,0262925319372,1000,2024-01-01 01:41:15.906918
6989367333577,1788,voice,7056446665254,1232,2024-01-01 01:50:51.533884
3629113424658,495,voice,0988445302886,614,2024-01-01 01:44:51.285129
3847274756982,1391,video,3795316148044,146,2024-01-01 01:44:18.873191
6736195935422,1353,video,3897254301196,136,2024-01-01 01:40:48.669921
1891497741891,488,video,3681793284815,1050,2024-01-01 01:42:06.758287
1792580746040,478,video,5779052504929,1328,2024-01-01 01:49:08.680151
7387022980292,1095,video,4459032380493,71,2024-01-01 01:44:17.454910
0877806439959,403,video,7732383148519,1220,2024-01-01 01:44:33.924218
1510583329993,675,video,7013283370920,1148,2024-01-01 01:43:09.400590
2271779287878,909,voice,7563343699815,604,2024-01-01 01:42:50.483481
0730117870599,581,voice,3900417287106,1479,2024-01-01 01:46:38.135698
2747927319469,1122,voice,4077858491416,908,2024-01-01 01:44:15.991863
5180512006734,1420,video,6866976082667,754,2024-01-01 01:57:07.818598
9790743250638,347,voice,3813897647948,1675,2024-01-01 01:51:05.139077
6799710612639,1709,voice,3259761409885,1062,2024-01-01 01:41:21.690297
3536445492978,149,voice,9616689031533,1638,2024-01-01 01:48:52.075848
4257395004887,551,voice,8721855709509,1219,2024-01-01 01:49:06.438487
5085435262704,1069,video,2044331373858,33,2024-01-01 01:57:11.956118
6229196470356,832,video,8187522041582,47,2024-01-01 01:49:05.243764
5180715485400,802,voice,5176677279173,1070,2024-01-01 01:50:32.085673
8641963577546,1373,voice,7201512156454,1310,2024-01-01 01:44:38.334566
1184982734457,1309,video,3001961909942,356,2024-01-01 01:56:28.893624
0278099804219,1340,video,0992187086700,698,2024-01-01 01:41:51.376530
9938231844962,211,video,0923850110443,65,2024-01-01 01:56:07.719479
2602584034636,922,voice,9119951270256,1678,2024-01-01 01:49:44.036537
9065032108962,1226,video,3417236971317,197,2024-01-01 01:46:54.885821
5972532478183,422,video,3565855039574,134,2024-01-01 01:46:34.334419
6074523911117,1300,video,5981220966678,986,2024-01-01 01:53:38.771261
2800545959228,965,voice,1582025418485,768,2024-01-01 01:52:48.603941
5772165951202,273,voice,5677738048794,1792,2024-01-01 01:57:04.934384
6822633106993,1526,video,1692683188640,433,2024-01-01 01:48:59.989733
2954779885459,565,video,1916436692835,137,2024-01-01 01:42:32.852906
6803088060262,413,voice,0747384177440,1097,2024-01-01 01:55:45.124980
4462535745516,159,voice,6899111106265,697,2024-01-01 01:54:20.449922
8763655246703,1683,video,5300958561590,162,2024-01-01 01:40:53.610643
4505685787238,1509,video,8344054948067,1457,2024-01-01 01:43:05.379344
1411316518539,1471,voice,5974970632862,1144,2024-01-01 01:44:41.426083
3818296747945,932,video,8854350442885,1298,2024-01-01 01:45:34.451225
1677139454156,1855,video,0929825464960,276,2024-01-01 01:56:13.784950
2782031103040,1500,voice,6890746071422,1614,2024-01-01 01:48:00.177593
0780792614083,356,video,0693118431944,595,2024-01-01 01:44:24.651757
2689538412413,31,video,5815983806061,1781,2024-01-01 01:50:42.686478
0464960926216,1156,video,4821617646459,540,2024-01-01 01:54:35.109375
5966460801997,130,video,8399192514161,1330,2024-01-01 01:42:58.265052
5121354809237,248,video,1512432310435,116,2024-01-01 01:43:07.011659
4829227964227,1290,video,7539639955655,689,2024-01-01 01:47:22.578797
6931208080862,476,voice,8713861796144,312,2024-01-01 01:51:30.664510
7772593565404,1032,video,3613161860326,955,2024-01-01 01:41:44.111769
7401507725598,1420,video,0284285623697,502,2024-01-01 01:54:31.764633
3348300227799,1089,video,7829657568902,1536,2024-01-01 01:56:44.542320
9899807414793,1560,voice,9892758906363,1311,2024-01-01 01:47:41.003534
6427963107857,392,video,3537180916224,511,2024-01-01 01:53:32.632282
6478884479425,1647,voice,3104056159614,916,2024-01-01 01:48:00.552597
0953549870911,322,voice,4354791573148,1496,2024-01-01 01:41:20.970655
1336384409679,532,voice,1382997041493,1334,2024-01-01 01:47:19.713611
4129697839242,644,voice,0931911093985,1649,2024-01-01 01:52:39.710589
0349296577088,1209,voice,7965379121470,1005,2024-01-01 01:44:31.677067
0397146416726,587,voice,0863253103580,1614,2024-01-01 01:48:36.094592
9856740926252,1335,video,8779329810258,1734,2024-01-01 01:55:23.944856
3190071005577,1657,video,7214535118810,148,2024-01-01 01:55:00.709031
9934879396991,1533,voice,3738372165958,1507,2024-01-01 01:44:03.988365
9057526277649,579,video,3348284761658,1317,2024-01-01 01:40:57.193217
1364954258603,1197,voice,9083010662302,829,2024-01-01 01:48:31.086691
5605177455516,870,video,6864661432582,450,2024-01-01 01:50:28.554600
6510949244692,1385,video,4998810518421,446,2024-01-01 01:53:29.298136
6143438442050,258,video,5388923899418,1448,2024-01-01 01:44:55.966857
2026211437469,775,voice,2740708572621,665,2024-01-01 01:56:27.275152
6376750537687,365,video,8148775627743,1169,2024-01-01 01:52:34.258599
8414423908621,1997,voice,2999487423228,15,2024-01-01 01:47:52.414419
1474173360916,1279,video,5852078656156,876,2024-01-01 01:53:51.562818
7761822209394,391,video,8015315606382,678,2024-01-01 01:54:36.733256
2491579411101,1134,video,8471532661082,1706,2024-01-01 01:50:03.716045
6514626119660,1908,video,9047099920780,34,2024-01-01 01:42:51.661840
